title,price,location,description,bedrooms,bathrooms,subcategories,rooms_total,floor_area,land_size,listing_url,listing_id,geo_location,car_spaces,classification,subdivision_name
"FOR SALE 4 Unit Apartment  at V. Luna Extension, near Maginhawa, Quezon City",52000000,Quezon City,"FOR SALE: 4-Unit Apartment on 400 sqm Lot in V. Luna Extension, near Maginhawa

Prime investment opportunity in a highly sought-after location! This 400 sqm lot comes with a 4-unit apartment complex, situated in the heart of V. Luna Extension.

Price: PHP 52,000,000

Property Features:

Lot Area: 400 sqm
Units: 4 spacious apartment units, ideal for rental income
Location: V. Luna Extension, near Maginhawa Street—famous for its vibrant food scene, cafés, and convenience
Access: Close to schools, hospitals, commercial areas, and public transport routes


Why Invest?

High rental potential in a bustling, high-demand area
A stone’s throw away from key lifestyle hubs, ensuring consistent tenant demand
Excellent long-term appreciation potential

ANGELICA - 0917.119.8992
CATHY - 0917.160.774",4,4,"apartment, apartments",N/A,N/A,N/A,https://www.lamudi.com.phhttps://www.lamudi.com.ph/buy/metro-manila/quezon-city/for-sale-4-unit-apartment-at-v-luna-extension-near-173188961951/,AP67219D3BB3FF0PH,"[121.0443089,14.6621443]",N/A,N/A,N/A
RUSH SALE 5 FLOORS APARTMENT in Quezon City Prime Location,13000000,"Project 4, Quezon City","RUSH SALE Apartment in Cubao5 floors, 7 rooms, 57 SQM 

>Clean Title and updated Amilyar>Inside gated compound>Along J.P Rizal st. Project 4 Quezon City>Easy acces to Katipunan Ave. / Bonny Serano Ave. / 20th Ave. / P. Tuazon BlvdFew blocks away from:>Araneta City, Gateway Mall,>QMMC hospital and other hospitals>TIP , La Salle and other universities>Bus terminals, MRT and other mode of transportation1st floor has small garage, sala, kitchen , and dining and T&B2nd floor - 2 BR and 1 T&B3rd floor - 2 rooms, 2 T&B, 2 sink4th floor- 2 rooms, 2 T&B, 2 sink5th floor- 1 room, 1 T&B, 1 sinkThere&apos;s water tank at the Rooftop and small roomEach room has tenants and is generating P8500 each unit1st and 2nd floors are occupied by the ownersRFS: owner&apos;s medical expenses and will move to province ASAPStarting price is 20M, down to 15MNow 13M NETall inclusive !Viewing is available anytimePlease contactMJ GIMENA",7,7,"apartment, apartments",N/A,N/A,N/A,https://www.lamudi.com.phhttps://www.lamudi.com.ph/buy/metro-manila/quezon-city/rush-sale-5-floors-apartment-in-quezon-city-prime-172672911726/,AP66E964B637C49PH,"[121.0708,14.62078]",N/A,N/A,N/A
Apartment For Sale in Quezon City (fully occupied) -MC,6500000,Quezon City,"***APARTMENT FOR SALE***
   (Newly Renovated)

Location: Quezon City, Manila


APARTMENT DETAILS:
*Lot Area: 38sqm
*Floor Area: 94sqm
*5 Studio Units
*5 CR
*Sub meters for electricity & water
*No Parking

*6mins walk to aurora blvd
*10mins walk to Anonas LRT Station
*Near Schools, market within a 5-10mins walk


SELLING PRICE: PHP6,500,00/NET",5,N/A,"apartment, room",N/A,94,N/A,https://www.lamudi.com.phhttps://www.lamudi.com.ph/buy/metro-manila/quezon-city/apartment-for-sale-in-quezon-city-fully-occupied-m-173190934959/,AP673AD6E5AE1A2PH,"[121.0443089,14.6621443]",N/A,N/A,N/A
For SALE: 4 -Door Apartment Project 7,22500000,"Veterans Village, Quezon City",It's a 4-door apartment that is still livable but ideal for those who would like to re-construct a more modern row of apartments or townhouse that will be more saleable.,4,4,"apartment, apartments",N/A,196,N/A,https://www.lamudi.com.phhttps://www.lamudi.com.ph/buy/metro-manila/quezon-city/for-sale-4-door-apartment-project-7-173199836443/,AP673C329C68DCEPH,"[121.02354,14.65311]",N/A,N/A,Veteran's Village
"For Sale: 4-Storey Duplex House in Bagong Lipunan ng Crame, Cubao, Quezon City",76000000,"Bagong Lipunan Ng Crame, Quezon City","For Sale: 4-Storey Duplex House in Bagong Lipunan ng Crame, Cubao, Quezon City  Near Camp Crame, North Greenhills, SM Araneta City, Gateway Mall, Gilmore Station, Camp Aguinaldo and Fishermall  Lot Area: 150 sqm Floor Area: 484.59 sqm  GROUND FLOOR: Maid's Room with Toilet and Bath Driver's Room with Toilet and Bath Foyer Laundry Area 4-Car Garage  SECOND FLOOR: Balcony Living Area Dining Area Kitchen Utility Kitchen  THIRD FLOOR: Master's Bedroom with Walk-in Closet and Toilet and Bath Bedroom 1 with Toilet and Bath  FOURTH FLOOR: Bedroom 2 with Toilet and Bath Bedroom 3 with Toilet and Bath Open Area with Toilet and Bath  SPECIAL FEATURES: Fully Airconditioned Multipoint Heaters Motorized Pressure Tank Built-in Cooktop & Oven Door Chime Intercom System Cistern Tank with Pressure Pump Built-in Rangehood Automatic Gate Open Deck with Toilet and Bath Provision for Elevator  Price: P76,000,000  RG  DMProperties RES 23609",4,4,"apartment, apartments",N/A,484.59,N/A,https://www.lamudi.com.phhttps://www.lamudi.com.ph/buy/metro-manila/quezon-city/for-sale-4-storey-duplex-house-in-bagong-lipunan-n-173020423765/,AP6720D24D8FEE4PH,"[121.052143,14.60929]",N/A,N/A,N/A
Apartment For Sale in Quezon City-MC,6500000,Quezon City,"***APARTMENT FOR SALE***
   (Newly Renovated)

Location: Quezon City, Manila


APARTMENT DETAILS:
*Lot Area: 38sqm
*Floor Area: 94sqm
*5 Studio Units
*5 CR
*Sub meters for electricity & water
*No Parking

*6mins walk to aurora blvd
*10mins walk to Anonas LRT Station
*Near Schools, market within a 5-10mins walk


SELLING PRICE: PHP6,500,00/NET",5,N/A,"apartment, room",N/A,94,N/A,https://www.lamudi.com.phhttps://www.lamudi.com.ph/buy/metro-manila/quezon-city/apartment-for-sale-in-quezon-city-mc-173156370737/,AP673590BB6BCD3PH,"[121.0443089,14.6621443]",N/A,N/A,N/A
"Rush Sale! Apartment Building for Sale in Mindanao Avenue, Quezon City",25000000,"Bahay Toro, Quezon City","Rush Sale!! Apartment business for sale in Quezon City

Location: Mindanao Ave., Quezon City
---------
4 apartments - 15K
2 apartments - 10K
1 apartment - 30K
Total monthly income - 110K

estimated Floor area: 800sq.m
Lot area: 297sq.m
Price: 28M
Reprice: 25M
----------
*If you want to know the fair market value of your property, we do appraisal services, valuation, and consultancy within 5-7 days.

For more inquiries feel free to contact us;
Alan and Gina Baldovino
Licensed Real Estate Broker, Appraiser, and Consultant

Potters’ Hand
We make real estate real simple",7,7,"apartment, apartments",N/A,800,N/A,https://www.lamudi.com.phhttps://www.lamudi.com.ph/buy/metro-manila/quezon-city/rush-sale-apartment-building-for-sale-in-mindanao-170850014559/,CO651F7970CECA2PH,"[121.0293966,14.6671154]",N/A,N/A,N/A
Rush Sale! Apartment Building for Sale in Quezon City,25000000,"Tandang Sora, Quezon City","Rush Sale!! Apartment business for sale in Quezon City

Location: Mindanao Ave., Quezon City
---------
4 apartments - 15K
2 apartments - 10K
1 apartment - 30K
Total monthly income - 110K

estimated Floor area: 800sq.m
Lot area: 297sq.m
Price: 28M
Reprice: 25M
----------
*If you want to know the fair market value of your property, we do appraisal services, valuation, and consultancy within 5-7 days.

For more inquiries feel free to contact us;
Alan and Gina Baldovino
Licensed Real Estate Broker, Appraiser, and Consultant

Potters’ Hand
We make real estate real simple",7,N/A,"apartment, apartments",N/A,800,N/A,https://www.lamudi.com.phhttps://www.lamudi.com.ph/buy/metro-manila/quezon-city/rush-sale-apartment-building-for-sale-in-quezon-ci-170850010895/,CO652CC72E79610PH,"[121.042788,14.6820013]",N/A,N/A,N/A
"Rush! For Sale Hotel/ Building /Apartments in Quezon City, Metro Manila",125000000,"Pinagkaisahan, Quezon City","Rush Sale Hotel/ 4 Story Building / Apartments Apartments Quezon City  Rush Sale Boutique Hotel/ Building  four story building with  19 residential units plus ante rooms  in the heart of Quezon City  This is in Quezon City   Please add below :  For Sale Wellness Boutique / 4 Story Hotel Building For Sale :   5 mins drive to Victory Liner bus CUBAO terminal -6mins drive to Gateway Mall  -10 mins to Alimall  -7 mins drive and  19 mins walk to LRT-2 Araneta Center  -9 mins drive to SMCubao Araneta Center  -9mins drive to Ramon Magsaysay High School -4mins drive and 11 mins walk to Our Lady of Victory Church  -7mins drive to Farmers plaza  -3mins drive and 10 mins walk to immaculate cathedral -9 mins drive to St. Joseph's College of Quezon City -11 mins drive to St. Luke's Medical Center  -11 mins. Drive to Trinity University of Asia  Sale at Php 125M Inclusive Capital Gains Tax  With Actual lot area - 400 sqm more or less -Floor Area - 1200 sqm - 4 flrs (4th Flr roofdeck) -No of rooms or units - 19 rooms with ante rooms -clean title -updated taxes -very well maintained and built -Selling Price at P 125M inclusive Capital Gains Tax  -5 mins drive to Victory Liner bus cubao terminal -6mins drive to Gateway -10 mins to Alimall -7 mins drive and 19 mins walk to LRT-2 Araneta Center -9 mins drive to SMCubao Araneta Center -9mins drive to Ramon Magsaysay High School -4mins drive and 11 mins walk to our lady victories church -7mins drive to farmers plaza -3mins drive and 10 mins walk to immaculate cathedral -9 mins drive to St. Joseph's College of Quezon City -11 mins drive to St. Luke's Medical Center -11 mins. Drive to Trinity University of Asia  Building / Apartment for sale in Quezon City, Metro Manila",19,N/A,"apartment, apartments",N/A,1200,N/A,https://www.lamudi.com.phhttps://www.lamudi.com.ph/buy/metro-manila/quezon-city/rush-for-sale-hotel-building-apartments-apartments-166780040920/,AP63689D59C55DAPH,"[121.04426,14.626617]",N/A,N/A,N/A
For Sale 3Bedroom 4Storey House and Lot in Mascardo street Project 4 Quezon City,11000000,"Project 4, Quezon City","For Sale 4storey House and Lot  Lot area: 56sqmtr  Floor area:Around 220sqm  1ST FLOOR  -2 car garage  - with cr  - space for laundry   2ND FLOOR  - living area with sofa set  - dining area with 6 strs dining table  - kitchen with built in cabinets and small nook  - 1T&B - mini bar   3RD FLOOR  - 1 Masters bedroom with T&B - with smart tv and split type aircon  - 2nd room with single bed and split type aircon - with built in cabinet  - 3rd room with single bed and built in cabinet  - 1 common T&B  4TH FLOOR  -entertainment room  - 2balconies  - 1T&B  -split type aircon   -Clean Title and ready for transfer  - Almost Fully Furnished  - Mascardo St Proj 4, Quezon City   ✔️Near to FILCHEMTECH ✔️Near to PAPA DIOM'S TUHOG TUHOG  ✔️Near to Bubbles Best Food Supplies Corporation ✔️Near to PELAEZ PARK",3,4,"apartment, apartments",N/A,220,N/A,https://www.lamudi.com.phhttps://www.lamudi.com.ph/buy/metro-manila/quezon-city/for-sale-3bedroom-4storey-house-and-lot-in-mascard-172498226731/,CD659813E3A1D9CPH,"[121.0708,14.62078]",N/A,N/A,N/A
"4-Storey Residential Building for Sale in San Francisco Del Monte, Quezon City",54900000,"Del Monte, Quezon City","Code: CP-WS

Welcome to San Francisco Del Monte !

A beautifully maintained four-floor home featuring a rooftop with breathtaking 360-degree cityscape views.

This property has a total of 6 rental units
Each unit is around 40+ sqm with 2 bedrooms, 1 bathroom, a living area, dining area, kitchen, and utility area
On the 1st and 2nd floors, plus a spacious private residence (120+ sqm with 3 bedrooms, 2 bathrooms, a balcony, storage area, living area, dining area, kitchen, and outdoor fish pond) on the whole 3rd floor. The rooftop on the 4th floor has a guest room with an ensuite full bathroom and a basketball court (half-court) overlooking the grotto and garden on the 3rd floor.
The rooftop offers a full 360-degree view of the city. The property has 2 separate gates/entrances – one for the private residence and the other for the rental units. The garage can accommodate 3 vehicles.
A guard house has been built for added security. There’s also provision for an elevator from the ground floor up to the 4th floor.
Easy access to major roads and public transportation is only a short walking distance away – 200 meters to Roosevelt Avenue and 800 meters to EDSA

Other details:
Flood-free area
Strong water pressure
16 bedrooms
9 bathrooms
3 car garage
2 motorcycle garage
Lot area 201 sqm
Floor area 698 sqm


Near:
Fisher Mall
Roosevelt Avenue
EDSA
Muñoz Market
Waltermart Muñoz
SM City North EDSA
Trinoma
S & R Membership Shopping
Landers Superstore


*** BUY / SELL your property through us !

Visit us at the Lower Ground Level, Robinsons Galleria, EDSA corner Ortigas Avenue, Ortigas Center, Quezon City",16,9,"apartment, apartments",N/A,698,N/A,https://www.lamudi.com.phhttps://www.lamudi.com.ph/buy/metro-manila/quezon-city/4-storey-residential-building-for-sale-in-san-fran-168455429684/,AP64684238A0B9EPH,"[121.014874,14.643229]",N/A,N/A,N/A
4 Units Townhouse along Maligaya St Novaliches Quezon City for Sale,30000000,"Novaliches, Quezon City","FOR SALE: 4-unit Townhouse in Novaliches Quezon City  The Entrance is along MALIGAYA ST. Right beside Bloomfields Subdivision by Robinsons Fronting Ayala Malls Fairview Terraces Near SM City Fairview & Robinsons Novaliches  DETAILS PER UNIT:  Lot Area: 60 sqm (6x10) Floor Area: 150 sqm (more or less) 2 Storey with Attic (approx. 30 sqm Attic Area) 3 bedrooms 3 Toilet & Bath (1 per floor) 1 Storage Area 1 Car Garage  PRICE: 7.5M per Unit (Selling as a whole or 30M for the 4 Units)  For more details, please contact:  CHARMAINE BATALLER PRC REBL #0020147 REB | REA | ENP   MARK 11:24: Therefore I tell you, whatever you ask for in prayer, believe that you have received it, and it will be yours.",12,12,"apartment, apartments",N/A,600,N/A,https://www.lamudi.com.phhttps://www.lamudi.com.ph/buy/metro-manila/quezon-city/4-units-townhouse-along-maligaya-st-novaliches-que-172714192967/,AP66F21829AB513PH,"[121.0521,14.7214]",N/A,N/A,N/A
Apartment For Sale in Quezon City-MC,6500000,Quezon City,"***APARTMENT FOR SALE***
   (Newly Renovated)

Location: Quezon City, Manila


APARTMENT DETAILS:
*Lot Area: 38sqm
*Floor Area: 94sqm
*5 Studio Units
*5 CR
*Sub meters for electricity & water
*No Parking

*6mins walk to aurora blvd
*10mins walk to Anonas LRT Station
*Near Schools, market within a 5-10mins walk


SELLING PRICE: PHP6,500,00/NET",5,N/A,"apartment, room",N/A,94,N/A,https://www.lamudi.com.phhttps://www.lamudi.com.ph/buy/metro-manila/quezon-city/apartment-for-sale-in-quezon-city-mc-173129657185/,AP67317D3B776EEPH,"[121.0443089,14.6621443]",N/A,N/A,N/A
3 Door apartment Building for sale in Quezon City,30000000,"La Loma, Quezon City","3 DOOR OLD APARTMENT BUILDING FOR SALE IN QUEZON CITY  Location: La Loma, Quezon City ---------  Lot Area: 284.2 sqm Price: 39M  Reprice: 34M Reprice now: 30M  ------------------ *If you want to know the fair market value of your property, we do appraisal services, valuation, and consultancy within 5-7 days.  For more inquiries feel free to contact us; Alan and Gina Baldovino Licensed Real Estate Broker, Appraiser, and Consultant  For clients outside the Philippines please contact us through Viber.   The Potter's Hand Realty We make real estate real simple",3,N/A,"apartment, apartments",N/A,N/A,N/A,https://www.lamudi.com.phhttps://www.lamudi.com.ph/buy/metro-manila/quezon-city/3-door-apartment-building-for-sale-in-quezon-city-170833165937/,LA65D3128BB6355PH,"[120.9933,14.62769]",N/A,N/A,N/A
"7 Rooms Apartments for Sale in Mindanao Ave., Quezon City, Metro Manila",25000000,"Congressional Avenue, Quezon City","Rush Sale!! Apartment business for sale in Quezon City  Location: Mindanao Ave., Quezon City --------- 4 apartments - 15K 2 apartments - 10K 1 apartment - 30K Total monthly income - 110K  estimated Floor area: 800sq.m Lot area: 297sq.m Price: 28M Reprice: 25M ---------- *If you want to know the fair market value of your property, we do appraisal services, valuation, and consultancy within 5-7 days.  For more inquiries feel free to contact us; Alan and Gina Baldovino Licensed Real Estate Broker, Appraiser, and Consultant  For clients outside the Philippines please contact us.    Potters’ Hand We make real estate real simple",7,N/A,"apartment, apartments",N/A,800,N/A,https://www.lamudi.com.phhttps://www.lamudi.com.ph/buy/metro-manila/quezon-city/7-rooms-apartments-for-sale-in-mindanao-ave-quezon-170850008650/,CO643CF341AEB8EPH,"[121.031,14.66588]",N/A,N/A,N/A
"3 Door old Apartment Building for sale in La Loma, Quezon City",34000000,"La Loma, Quezon City","3 DOOR OLD APARTMENT BUILDING FOR SALE IN QUEZON CITY

Location: La Loma, Quezon City
---------

Lot Area: 284.2 sqm
Price: 39M
Reprice: 34M
------------------
*If you want to know the fair market value of your property, we do appraisal services, valuation, and consultancy within 5-7 days.

For more inquiries feel free to contact us;
Alan and Gina Baldovino
Licensed Real Estate Broker, Appraiser, and Consultant

The Potter&apos;s Hand Realty
We make real estate real simple",1,N/A,"apartment, apartments",N/A,N/A,N/A,https://www.lamudi.com.phhttps://www.lamudi.com.ph/buy/metro-manila/quezon-city/3-door-old-apartment-building-for-sale-in-la-loma-17089159358/,LA65DBFCDFEB7FBPH,"[120.9933,14.62769]",N/A,N/A,N/A
"4-storey Residential Building with 26 Units FOR SALE in Kamuning, Quezon City",85000000,"Kamuning, Quezon City","FOR SALE  New 4-Storey Kamuning Residential Commercial Building with Basement and Roof Deck Near Edsa   Lot area: 200 sqm Floor area: 1200 sqm 1st & 2nd floor: 8 units, Studio w/ T&B per floor 3rd & 4th floor: 3 Units 1BR & 2 Units Studio per floor Total Units: 26 Basement Parking: 8 Car Garage & 10-15 Motorcycle Parking 2 Car Outside Parking   Selling Price: 85M Gross  Betty Ongsiaco Gorospe RE/MAX Capital PRC RES License No. 16330",26,26,"apartment, apartments",N/A,1200,N/A,https://www.lamudi.com.phhttps://www.lamudi.com.ph/buy/metro-manila/quezon-city/4-storey-residential-building-with-26-units-for-sa-171481313943/,AP6635F8D3B804BPH,"[121.038526,14.62746]",N/A,N/A,N/A
"Newly Renovated Apartment Unit High Ceiling and Bright For Sale, Quezon City",18000000,"G. Araneta Avenue, Quezon City","NEWLY RENOVATED APARTMENT UNIT.  HIGH CEILING and BRIGHT.  

Across SM MEZZA RESIDENCES
Near SM CENTERPOINT

Lot area : 140 sqm
Floor area : 280 sqm

1 bedroom with balcony - Mezzanine
3 bedrooms - 2nd floor
3 Toilets & Baths
1 Storage room
1 maid’s room with T/B
Small backyard
1 basement parking

Selling price: P18,000,000.00
Let us assist you on your real estate requirements
*Prices and availability subject to change without prior notice.",3,N/A,"apartment, apartments",N/A,280,N/A,https://www.lamudi.com.phhttps://www.lamudi.com.ph/buy/metro-manila/quezon-city/newly-renovated-apartment-unit-high-ceiling-and-br-170065042625/,AP655DA4483E6C5PH,"[121.0154,14.62435]",N/A,N/A,N/A
"Rush For Sale Prime Residential Apartment in Cubao, Quezon City",63000000,"Cubao, Quezon City","Rush For Sale Prime Residential Cubao Best for Investors or End Use  La Salle St. With 14 Studio Residential Units With Monthly Income Newly Renovated , Very Good Investment  Lot Area 488 sqm Lot Area approx 800 sqm Very secured and walking distance to commercial  Allow 3 days notice prior to viewing date  Asking Price P 63,000,000. Gross Slightly Negotiable  Apartment property For Sale in Cubao, Quezon City, Metro Manila",14,14,"apartment, apartments",N/A,488,N/A,https://www.lamudi.com.phhttps://www.lamudi.com.ph/buy/metro-manila/quezon-city/rush-for-sale-prime-residential-apartment-in-cubao-169024429445/,AP64A41CA6A552CPH,"[121.0572,14.61777]",N/A,N/A,N/A
"Apartment Building For Sale in Mindanao Avenue, Quezon City",25000000,"Tandang Sora, Quezon City","Rush Sale!! Apartment business for sale in Quezon City  Location: Mindanao Ave., Quezon City --------- 4 apartments - 15K 2 apartments - 10K 1 apartment - 30K Total monthly income - 110K  estimated Floor area: 800sq.m Lot area: 297sq.m Price: 28M Reprice: 25M ---------- *If you want to know the fair market value of your property, we do appraisal services, valuation, and consultancy within 5-7 days.  For more inquiries feel free to contact us; Alan and Gina Baldovino Licensed Real Estate Broker, Appraiser, and Consultant  For clients outside the Philippines please contact us.   Potters’ Hand We make real estate real simple",6,N/A,"apartment, apartments",N/A,800,N/A,https://www.lamudi.com.phhttps://www.lamudi.com.ph/buy/metro-manila/quezon-city/apartment-building-for-sale-in-mindanao-avenue-que-169657525782/,CO651E5A282DB14PH,"[121.042788,14.6820013]",N/A,N/A,N/A
RUSH SALE! FULLY OCCUPIED 7-STOREY APARTMENT BUILDING IN CUBAO NEAR EDSA,140000000,"Socorro, Quezon City","Fully Occupied 7-Storey Apartment Building in Cubao,  Quezon City (near EDSA)   Property Overview: Type: 7-storey apartment building  Age: 7 years Floor  Area: 3,000 plus sq.m  Lot Area: 385 sq.m  Key Features:  - 56 residential units  - 7 carport - Roofdeck leased to cell site DITO (10 years contract)  - Elevator access - Gated building with SG   Financial Highlights:  - Occupancy Rate: 100% occupied  - Monthly Income: ₱800,000  - Annual Income: ₱9,600,000   Note: The current rental fees are based on 2019 rates.  Please Direct Message for Viewing Appointments.  Thank you",56,56,"apartment, room",56,3000,N/A,https://www.lamudi.com.phhttps://www.lamudi.com.ph/buy/metro-manila/quezon-city/rush-sale-fully-occupied-7-storey-apartment-buildi-172787450611/,AP66FD45CAA2F2EPH,"[121.056446,14.617564]",7,,N/A
"House and 5 Apartments with Passive Income of 73,000 PHP",32000000,"Project 3, Quezon City","5 door apartment with 2 Storey Main Residential House and lot for sale Location: Project 3, Barangay Duyan-Duyan, Quezon City - currently generating an Annual Passive Income of ₱ 876,000 PHP from 5 doors apartment - located on a centralized area - commuter easy access to main city arteries - Walking distance to Quirino High School -Walking distance to St Joseph Church/Aurora Blvd LRT Station -Walking distance to Anson’s super mart -Walking distance to Wet Market (across Anson’s) **Colleges near its location are as follows: -World Citi Colleges Quezon City, 0.5 Km away -Asian College, 0.3 Km away -National College of Business and Arts, 0.4 Km away -Technical Institute of the Philippines, 0.85 Km away -Foursquare Bible College, 0.5 Km away -Mount Carmel School of Quezon City, 0.55 Km away -FASS Inteli College Inc, 0.8 Km away Residential 2 Storey details: -Main building = 118 sqm -Roof deck = 24 sqm -Garage = 15 sqm *Residential Total Floor Area - 157.0 sqm *Apartment Total Floor Area - 224.0 sqm *Residential and Apartment Combined Floor Area TotaL = 381 sqm Note: Note: Residential and all apartment unit has its own Electric and Water Meters, conformed to city ordinance/codes, complying FD’s regulation of Fire Extinguisher installation to all units. Conformed to city/Meralco building codes; installed emergency shut-offs to each door unit (115 A/B/C/D/E/F). All Licenses/permits/clearances are current: Quezon City Business Permit/License, Barangay Business Clearance, Sanitation Permit, Fire Clearance Permit. Payment Terms: Spot Cash And Bank Financing (We also assist Bank Loan Applications and Processing) ❗️❗️ For inquiries and viewing appointments message or call",9,6,"apartment, apartments",N/A,381,0,https://www.lamudi.com.phhttps://www.lamudi.com.ph/buy/metro-manila/quezon-city/house-and-5-apartments-with-passive-income-of-73-0-172910200134/,AP671000B102C19PH,"[121.0664987,14.6305058]",N/A,N/A,N/A
"Apartment Building for sale in Mindanao Avenue, Quezon City",25000000,"Bahay Toro, Quezon City","Rush Sale!! Apartment business for sale in Quezon City

Location: Mindanao Ave., Quezon City
---------
4 apartments - 15K
2 apartments - 10K
1 apartment - 30K
Total monthly income - 110K

estimated Floor area: 800sq.m
Lot area: 297sq.m
Price: 28M
Reprice: 25M
----------
*If you want to know the fair market value of your property, we do appraisal services, valuation, and consultancy within 5-7 days.

For more inquiries feel free to contact us;
Alan and Gina Baldovino
Licensed Real Estate Broker, Appraiser, and Consultant

Potters’ Hand
We make real estate real simple",7,N/A,"apartment, apartments",N/A,800,N/A,https://www.lamudi.com.phhttps://www.lamudi.com.ph/buy/metro-manila/quezon-city/apartment-building-for-sale-in-mindanao-avenue-que-170677320930/,CO65BB329E4552FPH,"[121.0293966,14.6671154]",N/A,N/A,N/A
"For Sale: Residential Building in Fairview, Quezon City, Metro Manila",36000000,"Fairview, Quezon City","For Sale: Residential Building in Fairview, Quezon City, Metro Manila  Bedrooms: 15 Floor Area: 800 sqm PHP 36,000,000",15,N/A,"apartment, apartments",N/A,800,N/A,https://www.lamudi.com.phhttps://www.lamudi.com.ph/buy/metro-manila/quezon-city/for-sale-residential-building-in-fairview-quezon-c-169088557911/,AP64C720182D99APH,"[121.06821,14.702178]",N/A,N/A,N/A
"5 Doors Apartment for Sale in Quezon City, Cubao MAJOR PRICE DROP! From120M-70M!",70000000,"Cubao, Quezon City","Code : DS882559
Category : For Sale
Project : Apartment
City : Cubao, Quezon City
Size : 524 sqm
Price per sqm : Php 133,587.79
Selling Price : From ₱ 120,000,000.00 Down ₱ 70,000,000.00 Gross

Details of the Property:
• Good Lot Location
• With 5 doors apartment in frontage and community compound at the back
• Monthly income at Php 70,200.00

Cubao is the commercial heart of Quezon City, at the intersection of EDSA and Aurora Boulevard. Cubao lies at the intersection of LRT Line 2 (LRT-2) and MRT Line 3 (MRT-3) and is reachable from both of them. The stations of both lines are named Araneta Center-Cubao. LRT-2 runs above Aurora Avenue west from Manila into Santolan in Pasig. MRT-3 is built at the middle of EDSA and runs from Taft Avenue in Pasay to North Avenue within Quezon City.

3 Great Reason why you should invest a property in Quezon City?
1. It’s accessible
Quezon City is strategically located; it has easy access to the Northern and Southern areas of the Metro. Another perk of living in the city is its easy public transportation. MRT-1, MRT-3, and LRT-2 are all accessible in different parts of the city.

2. Growing central business district
Work opportunities are abundant in the city and will continue to grow more in the following years. The city is home to outsourcing businesses, as well as new businesses that cater not just only to locals, but also to neighboring cities alike.

3. Quality medical and educational institutions
Another reason people choose to stay in Quezon City is because it’s home to quality educational institutions as well as hospitals and medical centers.",5,5,"apartment, apartments",N/A,524,N/A,https://www.lamudi.com.phhttps://www.lamudi.com.ph/buy/metro-manila/quezon-city/5-doors-apartment-for-sale-in-quezon-city-cubao-ma-173103850544/,AP61299B96AC3F9PH,"[121.0572,14.61777]",N/A,N/A,N/A
Congressional Townhouses,12400000,"Bahay Toro, Quezon City","Cozy House and no flooding area and very near SM north, Trinoma, SNr Congressional, Landers, Edsa Munoz, MRT Roosevelt Station",4,3,"apartment, apartments",N/A,202,N/A,https://www.lamudi.com.phhttps://www.lamudi.com.ph/buy/metro-manila/quezon-city/congressional-townhouses-173105558178/,AP672173A96F13DPH,"[121.0293966,14.6671154]",N/A,N/A,"Bahay Toro, Project 8, QC"
Income Generating 8 Storey Apartment Building in Cubao Quezon City,180000000,"Cubao, Quezon City","LOCATION: Brgy E. Rodriguez Cubao Quezon City near EDSA   PRICE REDUCED FROM 260M down to 180M - Apartment For Sale!   Lot Area: 385 sqm  Floor Area: 3,000 sqm more or less  PRICE: PHP 180M   8-Storey with Elevator  Up to 7-9 car garage  4 water tanks  CCTV, Smoke detector, Sprinkler  Structure age: 8 years   A total of 56 units:   - 10 units - 2BR loft type; 60sqm each unit (16k/month)  - 40 units - 1BR; 30sqm each unit (13k/month)  - 6 units - studio type; 20-25 sqm (10k/month)  Plus Php 500 monthly dues ------> 90% occupancy   - DITO Cell site: 60k/month  Total monthly income: PHP 800K  Facing East   To schedule an actual site visit, please contact:   CHARMAINE BATALLER  PRC REBL #0020147  8  Grand Majesty Estate Corporation",56,56,"apartment, apartments",N/A,3000,N/A,https://www.lamudi.com.phhttps://www.lamudi.com.ph/buy/metro-manila/quezon-city/income-generating-8-storey-apartment-building-in-c-171746747517/,HO6617E70FD24C5PH,"[121.0572,14.61777]",N/A,N/A,N/A
Apartment Building For Sale Novaliches,10500000,"San Bartolome, Quezon City","- 11 unit apartment
- 3 storey with roofdeck (can add another floor)
- all concrete
- flood free
- along major road
- good monthly income
- 55k/mo income (can easily be adjusted to 100k+/mo)

Lot Area - 284sqm
Flr Area - 550sqm

Price = 10.5M net",11,11,"apartment, apartments",N/A,550,N/A,https://www.lamudi.com.phhttps://www.lamudi.com.ph/buy/metro-manila/quezon-city/apartment-building-for-sale-novaliches-173130786861/,AP6731A95CB359FPH,"[121.030643,14.704323]",N/A,N/A,N/A
"2-Storey Townhouse for Sale in Kamuning, Quezon City",9500000,"Kamuning, Quezon City","2-Storey Townhouse for Sale in Kamuning, Quezon City   Location: K-2nd Street, Kamuning, Quezon City  Lot Area: 60 sqm  Floor area: 85 sqm   Frontage: 4 meters  2 bedrooms  1 toilet and bath  1 parking   Flood-free  Facing South  Mortgaged  With tenant and monthly income of P25,000  Contract ends on April 2025   Cash payment only   Asking Price: P9.5 Million (gross and negotiable)   *Near EDSA, E.Rodriguez, Tomas Morato and Timog",2,1,"apartment, apartments",N/A,85,N/A,https://www.lamudi.com.phhttps://www.lamudi.com.ph/buy/metro-manila/quezon-city/2-storey-townhouse-for-sale-in-kamuning-quezon-cit-171990531786/,AP6683AC2515014PH,"[121.03985,14.62808]",N/A,N/A,N/A
"Income Generating Apartment Building for sale at La Loma, Quezon City",33000000,"La Loma, Quezon City","APARTMENT FOR SALE
Paang Bundok La Loma Quezon City
 
Landmarks:
10 minutes walk to Chinese General Hospital
Next to La Loma Healing Center and Ping Ping's lechon


Income generating Apartment (Residential area, inner street)
Lot area: 330 sqm
With 9 units / door (7 occupied, 2 vacant)
With own toilet & bathroom each unit
All units with submeter for electric and water supply
Gated and secured compound / area
With monthly income of Php 49K per month

Asking price:
Php 33M, CGT included
Clean title and updated tax",9,9,"apartment, apartments",N/A,330,N/A,https://www.lamudi.com.phhttps://www.lamudi.com.ph/buy/metro-manila/quezon-city/income-generating-apartment-building-for-sale-at-l-170780186171/,AP65C9097B43267PH,"[120.9933,14.62769]",N/A,N/A,N/A
"Quezon City, Agueda St. - Compound for Sale (9-Unit Apartment for Sale)",26000000,"Project 8, Quezon City","✅ With 9 small houses
✅ 594 sqm with 23.3M frontage
✅ Walking distance to commercial establishments:

Fast-food Chains and other Food/Beverage Shops (McDonald’s, Big Brew, Pares Retiro, etc,.)
Banks (Chinabank and BDO)
Logistics (LBC and J&T Express)
and more enterprises

PHP 26M (Sold as lot value only)

Schedule a viewing with us now!

LYONS Realty",9,N/A,"apartment, apartments",N/A,594,N/A,https://www.lamudi.com.phhttps://www.lamudi.com.ph/buy/metro-manila/quezon-city/quezon-city-agueda-st-compound-for-sale-9-unit-apa-170470118186/,AP62D666F39B816PH,"[121.0245,14.66958]",N/A,N/A,N/A
Like Brandnew Apartment in Philand Tandang Sora near Congressional Ave,42000000,"Congressional Avenue, Quezon City","Like Brandnew Apartment Building in Philand Drive Pasong Tamo Tandang Sora QC Location : Philand Pasong Tamo, QC Lot Area : 536 sq.m. Floor Area: 695 sq.m. 3 storey Apartment Building 13 units( 1 bedroom) 12 car parking space Built year : 2021 Selling Price : 42M Ground floor -9 to 12 parking space, concrete fence and heavy duty gate -3 units x 1BR 25 sq.m. ( 1 unit can be converted into admin- office area) -Gated storage area or common area Second floor - 5 units x 1BR ( 4 units 25 sq.m., 1 unit 38 sq.m.) Third floor - 5 units x 1BR ( 4 units 25 sq.m., 1 unit 38 sq.m.) ROOF DECK Open area 60 sq.m. For further assistance please contact Grace Luciano Licensed Real Estate Broker REBL no. 000491",10,10,"apartment, apartments",N/A,695,N/A,https://www.lamudi.com.phhttps://www.lamudi.com.ph/buy/metro-manila/quezon-city/like-brandnew-apartment-in-philand-tandang-sora-ne-171699507531/,AP6657440350955PH,"[121.031,14.66588]",N/A,N/A,N/A
"Apartment Building for Sale in Cubao, Quezon City, Metro Manila",100000000,"Cubao, Quezon City","Apartment Building for SALE PDS 25398 11th Ave., Brgy. Socorro, Cubao, Quezon CityCentrally located, it is a few blocks away from Ali Mall and the Araneta Coliseum. Lot Area 441 sqm Floor Area 119 sqm Quaint 4-storey building With 22 rentable residential units  And 14 rentable parking spaces Despite its proximity to a large commercial hub, the building is situated on a quiet, peaceful street.  The building also enjoys full occupancy, given its location and good maintenance. Ground floor units fronting the street can also be converted into offices and a small business center. Income generating property Price P 226,757 /sqm = P100,000,000",1,1,"apartment, apartments",N/A,119,N/A,https://www.lamudi.com.phhttps://www.lamudi.com.ph/buy/metro-manila/quezon-city/apartment-building-for-sale-in-cubao-quezon-city-m-16800152500/,CO64210656D9C51PH,"[121.0572,14.61777]",N/A,N/A,N/A
FOR SALE COMMERCIAL BUILDING WITH AN OPERATIONAL BUSINESS IN QUEZON CITY,85000000,"San Bartolome, Quezon City","FOR SALE COMMERCIAL BUILDING WITH AN OPERATIONAL BUSINESS IN QUEZON CITY

Location : Quezon City Area Along The Highway

Lot Area: 382sqm
Floor Area: 1000sqm (+/-)

19 Units Rented Rooms
Estimated Monthly Income of ₱200,000

Selling Price: P85,000,000 negotiable",19,19,"apartment, room",N/A,1000,N/A,https://www.lamudi.com.phhttps://www.lamudi.com.ph/buy/metro-manila/quezon-city/for-sale-commercial-building-with-an-operational-b-172241658965/,AP66A9FDCDC2453PH,"[121.030643,14.704323]",N/A,N/A,N/A
"Rush! Corner Commercial Apartment for sale in Cubao, Quezon City",55000000,"Cubao, Quezon City",A 3 unit corner bldg in cubao area. Lot area : 500 sq.m  Price       : php.55 M ( NET )    * 1st bldg :             2 story with 5 unit apartments     * 2nd bldg:              3 story with 9 unit studio type    *  3rd bldg :              2 story with 3 unit townhouse   Clean title  Nice location  A day notice for ocular For direct clients only Thank you,17,17,"apartment, apartments",N/A,N/A,N/A,https://www.lamudi.com.phhttps://www.lamudi.com.ph/buy/metro-manila/quezon-city/rush-corner-commercial-apartment-for-sale-in-cubao-170894488578/,CO65DAC3D51BD75PH,"[121.0572,14.61777]",N/A,N/A,N/A
fs: 5 door apartment (novaliches),12000000,"Novaliches, Quezon City",FS: 5 DOOR APARTMENT  LOCATION: NOVALICHES LOT AREA: 138 SQM FLOOR AREA: 230 SQM  4 BACHOLORS PAD 1DR APARTMENT  SELLING PRICE: 12M  AR. EUGENE K. DY LICENSED REAL ESTATE BROKER PRC 2559 LICENSED ARCHITECT PRC 16170,5,N/A,"apartment, apartments",N/A,230,N/A,https://www.lamudi.com.phhttps://www.lamudi.com.ph/buy/metro-manila/quezon-city/fs-5-door-apartment-novaliches-171075282193/,AP65ED896BDDE6DPH,"[121.0521,14.7214]",N/A,N/A,N/A
for sale: apartelle with income novaliches,68000000,"Pasong Putik Proper, Quezon City","for sale:
apartelle with earning income
location: pasong putik proper novaliches
3 storey with roof deck
lot area: 405 sqm
floor area: 700 sqm
number of units: 30
furnished
with parking lots
eaning income: 500k to 600k monthly
selling price: php 68,000,000
ar. eugene k. dy
licensed architect
prc 16170
licensed real estate broker
prc 2559",30,N/A,"apartment, room",N/A,700,N/A,https://www.lamudi.com.phhttps://www.lamudi.com.ph/buy/metro-manila/quezon-city/for-sale-apartelle-with-income-novaliches-169197976297/,AP64D8448FADD7FPH,"[121.049634,14.721256]",N/A,N/A,N/A
3-Unit Apartment Near Egea St. Cubao For Sale,40100000,"Pinagkaisahan, Quezon City","For Sale: 3-Unit Apartment, very near Egea St. Cubao Fully tenanted, stable monthly income with good growth prospects. The area is in high demand for both residential & office rentals.  Lot area: 250 sqm (subdivided into 3 units) Each unit is built townhouse style.  Total developed floor area: 297 sqm Each townhouse unit has 2 to 3 bedrooms, 2 baths, 1 car garage.  With Clean Title.  Gross Price: Php 40.1 M (Vat Inclusive)  PRC 32749",8,6,"apartment, apartments",8,297,N/A,https://www.lamudi.com.phhttps://www.lamudi.com.ph/buy/metro-manila/quezon-city/3-unit-apartment-near-egea-st-cubao-for-sale-171158873657/,AP6604C580E0E7DPH,"[121.04426,14.626617]",3,,N/A
"Apartment with 17 Rooms for Sale at Fairview, Quezon City",70000000,"Novaliches, Quezon City","Income generating property with existing tenants  - The house is earning a considerable income from bed spacers and   rooming tenants because of its favorable location (About Php   100,000/Month income) - There are total of 16 Rooms: 8 are for 4 bed spacers and 8 are for 2 pax.  There's a separate house in front where the caretaker lives (below), and   above is a studio being rented. Hence, a total of 17 rooms. - The renters have a separate dining and kitchen area where they can cook - there is enough space for buyer to build another building at the back of  the existing house for added income - Clean Title - 2 Storey Corner House Inside Maligaya Park Subdivision, Fairview, Quezon   City - Located very near SM Fairview on Quirino Highway and close to Divine   Grace School and Montessori School  - Lot Area: 891 sqm - Floor Area: 500 sqm (2- Storey)   Asking Price: P70,000,000  Apartment Property for Sale in Novaliches, Quezon City, Metro Manila",17,N/A,"apartment, room",N/A,500,N/A,https://www.lamudi.com.phhttps://www.lamudi.com.ph/projects/maligaya-park-subdivision/apartment-with-17-rooms-for-sale-at-fairview-quezo-170988158742/,AP65DC44B31F55BPH,"[121.0521,14.7214]",N/A,,Maligaya Park Subdivision
MC - FOR SALE: Fairview Dormintory in Quezon City,36000000,"Fairview, Quezon City","FOR SALE: Fairview Dormintory in Quezon City

Lot Area: 503 sqm
Floor Area: 800 sqm
15 Bedrooms
15 Bathrooms
4 Parking Slots
Fully Furnished

Asking Price: Php 36,000,000

LIsting Broker: Mae Calatrava",15,15,"apartment, apartments",N/A,800,N/A,https://www.lamudi.com.phhttps://www.lamudi.com.ph/buy/metro-manila/quezon-city/mc-for-sale-fairview-dormintory-in-quezon-city-17065928223/,AP65B88A36E1619PH,"[121.06821,14.702178]",4,N/A,Fairview Dormintory
"4-Storey Apartment Building for Sale in Project 2, Quezon City",37000000,"Project 2, Quezon City","TG-SM285

4-Storey Apartment Building for Sale in Project 2, Quezon City

P37,000,000 NET

Floor Area: 1,000 sqm
Lot Area: 201 sqm
5+ Bedrooms
5+ Bathrooms
2+ Parking Space
Partially Fitted

Description:
Pre-Owned
Clean title
Negotiable
with mezzanine
with Spacious lobby  
16 rental units w/ own bathrooms
With parking spaces available up front
Quiet and safe neighborhood 
Additional parking spots along the road

Location:
Along Anonas Ave in Project 2 near Cubao
5 min walking distance of LRT2
connecting the area to Katipunan and Antipolo as well as Recto and Aurora",5,5,"apartment, apartments",N/A,1000,N/A,https://www.lamudi.com.phhttps://www.lamudi.com.ph/buy/metro-manila/quezon-city/4-storey-apartment-building-for-sale-in-project-2-170322661214/,AP65852CF49B190PH,"[121.0594362,14.6310662]",N/A,N/A,N/A
"For Sale Apartment Commercial Building with income near Araneta, Quezon City",100000000,"Cubao, Quezon City","Apartment building with income fully tenanted 22 residential units 15 parking slots with individual condo titles 22 residential units with parking slots lot area - 441sqm floor area - 1199sqm 

inquire  for more details 
direct buyers only",22,22,"apartment, apartments",N/A,1199,N/A,https://www.lamudi.com.phhttps://www.lamudi.com.ph/buy/metro-manila/quezon-city/for-sale-apartment-commercial-building-with-income-170065048876/,CO654A6729B3AB7PH,"[121.0572,14.61777]",N/A,N/A,N/A
"Project 4 Apartment Building for Sale, with Rental Income",23000000,"Project 4, Quezon City","For sale in Project 4 QC, 3 and half floor Apartment near Ateneo, PSBA and NCBA.
Clean titled

Total Lot area of 249sqm property including 4 apartment units (for renting or whatever they choose to do with the property) and main house.

First 3 apartments, rented out at 10k/month each. The 4th apartment is relatively newer and bigger, and is currently rented out at 12k/month. Total income is P 42k / month. 

Main house is a 4-story building
With 2 car garages (can fit total of 3 cars) and space outside the house parking for 1-2 more cars
1st flr: kitchen, 2 storage areas, dining area, and 1 T&B
2nd flr: 2 bedrooms, 1 storage area, 1 living room, and 1 bathroom
3rd flr: 3 bedrooms, 1 bathroom, roof deck
4th floor: Attic

For more inquiries, contact us.
Only Clients and PRC-Licensed brokers will be entertained. 
Thank you and God bless!

Terence Ong
PRC 9238
Pareb CTREB 2xDirector",7,4,"apartment, apartments",N/A,300,N/A,https://www.lamudi.com.phhttps://www.lamudi.com.ph/buy/metro-manila/quezon-city/project-4-apartment-building-for-sale-with-rental-172412506234/,AP66C40F86957CFPH,"[121.0708,14.62078]",N/A,N/A,Porject 4 QC
PN54822 4 Storey Residential Building for Sale Fairview Quezon City!,10000000,"Fairview, Quezon City","PN54822 4Storey Residential Building For Sale FAIRVIEW QC! P10M  400sqm 10Room 3t&b 2 Car Garage We Assist in Bank Financing with Low Down Payment, Low Interest We also Design, Build & Renovate. We assist in House Construction Financing",10,3,"apartment, apartments",N/A,400,N/A,https://www.lamudi.com.phhttps://www.lamudi.com.ph/buy/metro-manila/quezon-city/pn54822-4-storey-residential-building-for-sale-fairview-quezon-city/,HO62BEA0796C810PH,"[121.06821,14.702178]",2,N/A,N/A
"RUSH!!! Along Maginhawa Commercial Property For Sale , Quezon City",42000000,"Sikatuna Village, Quezon City","Located    : Along Maginhawa
Lot Area    : 300  Sq.M
Floor Area :  More Or Less 200  Sqm
Price         : Php. 42M Net
     *  Facing Morning Sun/East
     *  Suitable For Restaurant, Townhouse, Bldg
     
Viewing  : By Appointment Only
No Agents /Brokers 
For Direct Clients Only
Thank You",2,2,"apartment, apartments",N/A,200,N/A,https://www.lamudi.com.phhttps://www.lamudi.com.ph/projects/sikatuna-village/rush-along-maginhawa-commercial-property-for-sale-171534787591/,HO61C193FE17B96PH,"[121.057875,14.636902]",4,120,N/A
6 Apartment Unit Property in Barangay Pinyahan Quezon City for Sale,50000000,"Pinyahan, Quezon City","-Property is located in Barangay Pinyahan Q.C very near LTO on East Ave. Street is first street parallel to Edsa and a short walk also to GMA 7 on Timog cor Edsa. Lot area 420 sqm. 2 bedrooms 1 bathroom per unit.  orientation is facing east (Morning sun)  6 apartment units. 3 units along street ( no parking) and 3 units at back ( with parking good for 6 cars). Selling Price : Php 50,000,000 sy",2,1,"apartment, apartments",N/A,420,N/A,https://www.lamudi.com.phhttps://www.lamudi.com.ph/buy/metro-manila/quezon-city/6-apartment-unit-property-in-barangay-pinyahan-que-172783619292/,AP66FCB0206E511PH,"[121.046387,14.638462]",N/A,N/A,N/A
Two storey building with 11 unit apartment FATIMA UNIVERSITY LAGRO,40000000,"Novaliches, Quezon City",*Two-storey building with 11 unit studio type apartment *Two-storey residential house   4bedroom   3toilet and bath    maids room    Garrage*Two (2) bungalow type house   =house 1 1br 1t&b   =house 2  3br 1t&bmore than 900sqm vacant lot,N/A,9,"apartment, apartments",N/A,1300,N/A,https://www.lamudi.com.phhttps://www.lamudi.com.ph/buy/metro-manila/quezon-city/two-storey-building-with-11-unit-apartment-fatima-172660704711/,AP66E9EEC72B013PH,"[121.0521,14.7214]",N/A,N/A,N/A
"450 sq m Apartments in G.H. Del Pilar, Cubao, Quezon City",45000000,"Cubao, Quezon City",5 doors Income Generating,5,N/A,"apartment, apartments",N/A,N/A,N/A,https://www.lamudi.com.phhttps://www.lamudi.com.ph/buy/metro-manila/quezon-city/450-sq-m-apartments-in-g-h-del-pilar-cubao-quezon-172587454738/,AP66DEC17380C50PH,"[121.0572,14.61777]",N/A,N/A,N/A
"Rush Sale! 18M with 27 studio units Apartment, 4th ave.cubao Quezon City",18000000,"Cubao, Quezon City","The Property is a 4 story bldg.located in 4th ave.cubao with lot area : 131sq.m with floor area: 260.25 Asking Price : Php 18M * consist of 27 studio unit  * with monthly income of 200 k/month * a minute walk to camp crame, edsa , mrt * tenats mostly police trainees in camp crame   for direct clients only no to brker /agents a day notice for ocular thank you",8,8,"apartment, apartments",N/A,260.25,N/A,https://www.lamudi.com.phhttps://www.lamudi.com.ph/buy/metro-manila/quezon-city/rush-sale-18m-with-27-studio-units-apartment-4th-a-172894799386/,AP64CB8CDE69685PH,"[121.0572,14.61777]",N/A,N/A,4th ave cubao
"2,000sqm floor area Commercial/Residential Property in Doña Imelda, Quezon City",65000000,"Doña Imelda, Quezon City","Pre owned commercial/residential property located in Quezon City  
10+ bedrooms / 10+ toilet and bath 
5 car garage 
450 sqm lot area 
2,000 sqm floor area 
5 storey (no elevator but with provision) 

P65,000,000 negotiable

Apartment Property for Sale in Doña Imelda, Quezon City, Metro Manila",10,10,"apartment, apartments",N/A,2000,N/A,https://www.lamudi.com.phhttps://www.lamudi.com.ph/buy/metro-manila/quezon-city/2-000sqm-floor-area-commercial-residential-propert-168917748173/,AP645C9E3BA4487PH,"[121.017741,14.61693]",5,120,N/A
L-7: CUBAO APAERMENTS,45000000,"Cubao, Quezon City","Located near E.Rodriquez Ave., this 3dood solid concrete apartment is an ideal investment. presently, it earns about P120K/mo. Maybe converted into townhouse for sale",9,6,"apartment, apartments",N/A,250,N/A,https://www.lamudi.com.phhttps://www.lamudi.com.ph/buy/metro-manila/quezon-city/l-7-cubao-apaerments-172502012820/,AP664891A68F333PH,"[121.0572,14.61777]",N/A,N/A,N/A
Apartment for sale in Bago Bantay Quezon City,13000000,"Alicia, Quezon City","For Sale! INCOME GENERATING APARTMENT Location: Bago Bantay, Quezon City Walking distance to Congressional Ave. Very near SM North, Trinoma, SnR Congressional, LRT Roosevelt Station 2 Storey 2 Door units Up and Down ( concrete) 1 Door unit up and down ( semi concrete) Lot Area: 203sqm Floor Area: 280sqm approximate Php 13M asking price Cash or Bank financing Viewing by appointment Thank you!",3,3,"apartment, apartments",N/A,280,N/A,https://www.lamudi.com.phhttps://www.lamudi.com.ph/buy/metro-manila/quezon-city/apartment-for-sale-in-bago-bantay-quezon-city-170123221365/,AP6566BE55E4037PH,"[121.025267,14.661434]",N/A,N/A,N/A
"2- Storey 10-Door Apartment Building For Sale in Cubao, Quezon City",52000000,"Cubao, Quezon City","For Sale: 2- Storey 10-Door Apartment Building in Cubao, Quezon City Lot Area: 285 sqm Floor Area: 435 sqm Busy street near corner Infront of Holy Spirit Convent Income Generating Investment Fully Tenanted Clean, Well-maintained With 5 Parking Asking 
Price: P52M negotiable 

Mary Kristine Kantanilla PRC REB License # 32738",1,1,"apartment, apartments",N/A,435,N/A,https://www.lamudi.com.phhttps://www.lamudi.com.ph/buy/metro-manila/quezon-city/2-storey-10-door-apartment-building-for-sale-in-cu-169986982894/,CO64C11AF8CE45APH,"[121.0572,14.61777]",N/A,N/A,N/A
For Sale: 13-bedroom apartment Brgy. Bagong Pag-Asa QC,82744925,"Bagong Pag-Asa, Quezon City","Income generating, with existing tenants  Price exclusive of VAT",13,N/A,"apartment, apartments",N/A,540,N/A,https://www.lamudi.com.phhttps://www.lamudi.com.ph/buy/metro-manila/quezon-city/for-sale-13-bedroom-apartment-brgy-bagong-pag-asa-171915596827/,AP66783D00DFD17PH,"[121.03781,14.650205]",N/A,N/A,N/A
"2- STOREY 10-DOOR APARTMENT BUILDING IN NEW MANILA, QUEZON CITY",54000000,"New Manila, Quezon City","2- STOREY 10-DOOR APARTMENT BUILDING IN NEW MANILA, QUEZON CITY  Lot Area: 285 sqm Floor Area: 435 sqm Busy street near corner lot Income Generating Investment Fully Tenanted Clean, Well-maintained With 5 Parking Space Asking Price: P54Million",10,10,"apartment, apartments",N/A,435,N/A,https://www.lamudi.com.phhttps://www.lamudi.com.ph/buy/metro-manila/quezon-city/2-storey-10-door-apartment-building-in-new-manila-172129581818/,AP6698E3CA9D4BAPH,"[121.0306,14.61633]",N/A,N/A,N/A
Apartment For Sale In Teachers Village Quezon City,75000000,"Diliman, Quezon City","LOT AREA- 400SQM
  6 DOOR APARTMENT
  WITH INCOME",2,2,"apartment, apartments",N/A,N/A,N/A,https://www.lamudi.com.phhttps://www.lamudi.com.ph/projects/teachers-village/apartment-for-sale-in-teachers-village-quezon-city-170894324168/,AP65D9968199E23PH,"[121.0528,14.6462]",N/A,N/A,Teacher's Village
"11 Doors Apartment 2 Storey For Sale Near Biak Na Bato, Quezon City",166860000,"Laging Handa, Quezon City","FOR SALE 
-11 Doors Apartment, 2 storey
 Along Apo St, Quezon City

Two Titles: 460 and 467
Lot Area: 927sqm
Frontage: 32 meters
Tenant income: 200k plus

Selling price: 166,860,000.00@180k/sqm

Betty Ongsiaco Gorospe
RE/MAX Capital
PRC RES license No. 16330",11,N/A,"apartment, apartments",N/A,927,N/A,https://www.lamudi.com.phhttps://www.lamudi.com.ph/buy/metro-manila/quezon-city/11-doors-apartment-2-storey-for-sale-near-biak-na-168973459869/,HO646DD85B88D50PH,"[121.032076,14.632936]",N/A,N/A,N/A
Scout Delgado Townhouse For Sale/Rent,35000000,"Sacred Heart, Quezon City","Location: Scout Delgado - Brgy Sacred Heart QC Type: APARTMENT Details: Lot area 112.5 sqm & Floor Area 158.75 sqm, 3 bedrooms, 2 bathrooms, maid's room with bath plus 3-4 carport Selling Price Price: 35M negotiable Lease Price: 60K/Month Angie Tamesis PRC25210",3,2,"apartment, apartments",N/A,158.75,N/A,https://www.lamudi.com.phhttps://www.lamudi.com.ph/buy/metro-manila/quezon-city/scout-delgado-townhouse-for-sale-rent-17165514952/,AP66507F471B4CDPH,"[121.03781,14.632093]",N/A,N/A,N/A
"Malakas Street, Quezon City, 5-Door Apartment",25000000,"Diliman, Quezon City","FOR SALE: Malakas Street, Quezon City, 5-Door Apartment  Lot: 299.60 sqm  Total floor area of building: 392.97 sqm. (approx.) Floor area of ground floor: 207.34 sqm. (approx.) Floor area of second floor: 185.63 sqm. (approx.)  - Individual Title Built as a residential house in 1969 - Made into a 5-door apartment in the late 1980s - The entire lot has 2 stainless steel elevated water tanks, connected to a water pump. - Has an old deep well pump (not used anymore since Manila Water became available). - Units 1, 2, 3, and 4 are connected to the original lot’s septic tank. - Unit 5 has its own septic tank. G.I. sheets of main roof were replaced in 2009. - All units have their own electric meter from Meralco. - All units have their own land line telephone. - All units have their own water sub-meter, connected to the main water meter of Manila Water.  ASKING PRICE: Php 25 Million Gross Negotiable  In compliance with RESA LAW (RA 9646), we can only deal with DIRECT BUYERS or DIRECT TO BUYER PRC-REGISTERED BROKERS/SALESPERSONS.",5,N/A,"apartment, apartments",N/A,392.97,N/A,https://www.lamudi.com.phhttps://www.lamudi.com.ph/buy/metro-manila/quezon-city/malakas-street-quezon-city-5-door-apartment-171415200554/,HO662BE2456995APH,"[121.0528,14.6462]",N/A,N/A,N/A
House and Lot with Apartment for Sale in Cuatro de Julio Quezon City,35000000,"Santo Niño, Quezon City","The property is located at 78 Cuatro de Julio St., Galas, Quezon City.  
Comprised of 2 Lots under 2 Land Titles.

1st Lot (Front- Cuatro de Julio St.)
Lot Area: 150sqm
Floor Area: 182 sqm more or less
Improvement: 2 Storey House, wood-concrete structure 

2nd Lot (Rear- Liberation St.)
Lot Area: 75sqm
Floor Area: 150 sqm more or less
Improvement: 3 Storey Apartment Reinforced Concrete Structure 

Selling Price: Php 35, 000,000.00 ( Negotiable)


  Real Property Tax: Updated with Clean Land Title
  Income Generating 
  High-Density Residential Zone 
  Accessible from Welcome Rotunda, Balic-Balic, Araneta Avenue, & Santol St.
  NEAR TO:


  GALAS MARKET
  FATIMA CHURCH
  OUR LADY OF THE SACRED HEART
  CARLOS ALBERT PUBLIC SCHOOL
  HOLY REDEEMER PARISH CHURCH
  BRIXTON HILLS
  QUEZON INSTITUTE
  BANAWE ST.


  Flood Free
  Rush Sale",8,N/A,"apartment, apartments",N/A,225,N/A,https://www.lamudi.com.phhttps://www.lamudi.com.ph/buy/metro-manila/quezon-city/house-and-lot-with-apartment-for-sale-in-cuatro-de-170280580511/,AP657EC12D9965APH,"[121.0115,14.61162]",N/A,N/A,N/A
Single detach multi level apartment in Tomas Morato,28000000,"Diliman, Quezon City","Single detach multi level apartment 

Year Built: 2000 but reconstructed 2008

Exact Address: 71 scout Gandia Tomas Morato QC

Lot Area: 152.38sqm

Floor Area: floor level of the 120sqm

3 Bedrooms: 1 full floor masters and 2 rooms on G/F

4 Toilet and Bath:

Car Garage: 2-3

with Maids Room?: yes optional

Clean Title?: yes

Selling Price:28M",3,4,"apartment, apartments",N/A,120,N/A,https://www.lamudi.com.phhttps://www.lamudi.com.ph/buy/metro-manila/quezon-city/single-detach-multi-level-apartment-in-tomas-morat-170718764858/,AP65C19DC0B7FD5PH,"[121.0528,14.6462]",N/A,N/A,N/A
Apartment Building with Existing Tenants,15000000,"Sauyo, Quezon City",A two storey apartment building with rooftop and penthouse. The building has four rental apartments with existing tenants.Two doors are located on the ground floor and another two on the second floor. each door has 2 bedrooms. The penthouse on the roof top has also two big rooms. A wise investment generating a passive income while the value of the property rapidly appreciates considering that the property is strategically located in a mix of residential and commercial area.,2,N/A,"apartment, apartments",N/A,N/A,N/A,https://www.lamudi.com.phhttps://www.lamudi.com.ph/buy/metro-manila/quezon-city/apartment-building-with-existing-tenants-17202010092/,CO66882F3100B76PH,"[121.049276,14.695099]",N/A,N/A,N/A
Apartment For Sale In Teachers Village Quezon City,75000000,"Diliman, Quezon City","LOT AREA- 400SQM
  6 DOOR APARTMENT
  WITH INCOME",2,2,"apartment, apartments",N/A,N/A,N/A,https://www.lamudi.com.phhttps://www.lamudi.com.ph/projects/teachers-village/apartment-for-sale-in-teachers-village-quezon-city-170894324168/,AP65D9968199E23PH,"[121.0528,14.6462]",N/A,N/A,Teacher's Village
"Malakas Street, Quezon City, 5-Door Apartment",25000000,"Diliman, Quezon City","FOR SALE: Malakas Street, Quezon City, 5-Door Apartment  Lot: 299.60 sqm  Total floor area of building: 392.97 sqm. (approx.) Floor area of ground floor: 207.34 sqm. (approx.) Floor area of second floor: 185.63 sqm. (approx.)  - Individual Title Built as a residential house in 1969 - Made into a 5-door apartment in the late 1980s - The entire lot has 2 stainless steel elevated water tanks, connected to a water pump. - Has an old deep well pump (not used anymore since Manila Water became available). - Units 1, 2, 3, and 4 are connected to the original lot’s septic tank. - Unit 5 has its own septic tank. G.I. sheets of main roof were replaced in 2009. - All units have their own electric meter from Meralco. - All units have their own land line telephone. - All units have their own water sub-meter, connected to the main water meter of Manila Water.  ASKING PRICE: Php 25 Million Gross Negotiable  In compliance with RESA LAW (RA 9646), we can only deal with DIRECT BUYERS or DIRECT TO BUYER PRC-REGISTERED BROKERS/SALESPERSONS.",5,N/A,"apartment, apartments",N/A,392.97,N/A,https://www.lamudi.com.phhttps://www.lamudi.com.ph/buy/metro-manila/quezon-city/malakas-street-quezon-city-5-door-apartment-171415200554/,HO662BE2456995APH,"[121.0528,14.6462]",N/A,N/A,N/A
Apartment for sale in Bago Bantay Quezon City,13000000,"Alicia, Quezon City","For Sale! INCOME GENERATING APARTMENT Location: Bago Bantay, Quezon City Walking distance to Congressional Ave. Very near SM North, Trinoma, SnR Congressional, LRT Roosevelt Station 2 Storey 2 Door units Up and Down ( concrete) 1 Door unit up and down ( semi concrete) Lot Area: 203sqm Floor Area: 280sqm approximate Php 13M asking price Cash or Bank financing Viewing by appointment Thank you!",3,3,"apartment, apartments",N/A,280,N/A,https://www.lamudi.com.phhttps://www.lamudi.com.ph/buy/metro-manila/quezon-city/apartment-for-sale-in-bago-bantay-quezon-city-170123221365/,AP6566BE55E4037PH,"[121.025267,14.661434]",N/A,N/A,N/A
"Apartment Building For Sale in Mindanao Avenue, Quezon City",25000000,"Tandang Sora, Quezon City","Rush Sale!! Apartment business for sale in Quezon City  Location: Mindanao Ave., Quezon City --------- 4 apartments - 15K 2 apartments - 10K 1 apartment - 30K Total monthly income - 110K  estimated Floor area: 800sq.m Lot area: 297sq.m Price: 28M Reprice: 25M ---------- *If you want to know the fair market value of your property, we do appraisal services, valuation, and consultancy within 5-7 days.  For more inquiries feel free to contact us; Alan and Gina Baldovino Licensed Real Estate Broker, Appraiser, and Consultant  For clients outside the Philippines please contact us.   Potters’ Hand We make real estate real simple",6,N/A,"apartment, apartments",N/A,800,N/A,https://www.lamudi.com.phhttps://www.lamudi.com.ph/buy/metro-manila/quezon-city/apartment-building-for-sale-in-mindanao-avenue-que-169657525782/,CO651E5A282DB14PH,"[121.042788,14.6820013]",N/A,N/A,N/A
Rush Sale! Apartment Building for Sale in Quezon City,25000000,"Tandang Sora, Quezon City","Rush Sale!! Apartment business for sale in Quezon City

Location: Mindanao Ave., Quezon City
---------
4 apartments - 15K
2 apartments - 10K
1 apartment - 30K
Total monthly income - 110K

estimated Floor area: 800sq.m
Lot area: 297sq.m
Price: 28M
Reprice: 25M
----------
*If you want to know the fair market value of your property, we do appraisal services, valuation, and consultancy within 5-7 days.

For more inquiries feel free to contact us;
Alan and Gina Baldovino
Licensed Real Estate Broker, Appraiser, and Consultant

Potters’ Hand
We make real estate real simple",7,N/A,"apartment, apartments",N/A,800,N/A,https://www.lamudi.com.phhttps://www.lamudi.com.ph/buy/metro-manila/quezon-city/rush-sale-apartment-building-for-sale-in-quezon-ci-170850010895/,CO652CC72E79610PH,"[121.042788,14.6820013]",N/A,N/A,N/A
COMM18XXR: For Sale Fully Furnished Studio Unit with Balcony At Commonwealth,3900000,"Batasan Hills, Quezon City","Address: Amsterdam Avenue Brgy, Don Antonio Dr, Quezon City,
20.7 sqm
Studio
1 Bath
With Balcony
18th Floor
City View/ Sierra Mountains
Fully Furnished
Currently, the unit has tenants (we can give two months' notice to vacate the unit)
The asking price is 3.9M Net to owner (Clean Title)

PAYMENT TERMS:  Full Payment Only

TRANSFER OF TITLE: Net to owner

Sellers will pay:  Broker’s Commission

Buyer will pay: Capital Gains Tax, Real Property Tax, Documentary Stamp Tax, Transfer Tax, Notarial Fee, Processing docs, and other fees for Title Transfer

Direct to Owner
Open to Co-Broke

PRC Accreditation No. 24716 
PRC Registration No.: 0016054

Commonwealth by Century is an expansive 4.4 hectare gated community featuring eight mid-rise buildings with sprawling green spaces, open areas, and unique amenities for every member of the family.

AMENITIES
Wide Open Spaces
Brisk walk. Take a jog. Do some stretching and soak up the sun. Take a swim at the pool or shoot some hoops at the basketball court. You can even take your pets out in this pet-friendly community. At Commonwealth by Century, you can get away from the crowd and enjoy your own space.

Viewing Schedule Mondays to Sundays 9 AM till 5 PM",1,1,"condo, studio",N/A,20.7,N/A,https://www.lamudi.com.phhttps://www.lamudi.com.ph/buy/metro-manila/quezon-city/comm18xxr-for-sale-fully-furnished-studio-unit-wit-170555789437/,CD64AEB800365A3PH,"[121.0443089,14.6621443]",N/A,N/A,N/A
DS-CU0028 4-STOREY COMMERCIAL-RESIDENTIAL BUILDING,1928500,"Bahay Toro, Quezon City","Studio Type Unit 2nd Floor FA: 20.30-24.50 sqm  - Kitchen - Toilet and Bath - Bed/Living Area - Balcony Roofdeck Garden Painted Steel Door 60x60 Tiles Kitchen Counter w/ Cabinet Grease Trap Provision Rangehood Pipe Provision Fire Sprinkler System Elevated Water Tank Parking Space for Sale  Price: 1,928,500.00 – 2,376,500.00  Zoi Peter & Belle Calina Zobelle 88 PRC 14497 & 14496",1,N/A,"condo, studio",N/A,20,N/A,https://www.lamudi.com.phhttps://www.lamudi.com.ph/buy/metro-manila/quezon-city/ds-cu0028-4-storey-commercial-residential-building-172368449495/,CD6684CA67E37EFPH,"[121.0443089,14.6621443]",N/A,266,N/A
"Condominium for sale with 1 bedroom in Wil Tower, Quezon City",5400000,Quezon City,"Condominium for sale with 1 bedroom in Wil Tower, Quezon City
with 24/7 security
Selling Price: Php. 5,400,000
Note: the condominium is located in front of ABS-CBN building

Unit details
Floor area: 35 sqm
Bedroom: 1
Toilet and bath: 1
Living area
Dining area
Kitchen
Furnished
with common pool
with playground
accessible to business areas

For More Info and Site Tripping Please Contact: 
Via Messenger
Joy Tiamzon
Globe No. 0991-310-4819 (Whatsapp, Viber, KakaoTalk, Wechat, LINE, Telegram)
Property Specialist
REB License No. 0017620
You Can Also Visit Our Office @
Blk. 45 Lot 4 NHA Brgy. Pandacaqui, 
Mexico, Pampanga 2021",1,1,"condo, condotel",N/A,35,N/A,https://www.lamudi.com.phhttps://www.lamudi.com.ph/buy/metro-manila/quezon-city/condominium-for-sale-with-1-bedroom-in-wil-tower-q-173189816829/,CD673AAB38942A1PH,"[121.0443089,14.6621443]",N/A,N/A,N/A
2 Bedroom Condo Unit for Sale at Viera Residences in Brgy. Obrero Quezon City,9600000,Quezon City,"For Sale

Viera Residences, Barangay Obrero Quezon City

Name of Condo: Viera Residences 
Location: Sct. Tuazon, Brgy. Obrero Quezon City
Size: 55 sq. m. (2 Bedroom with balcony fully furnished) 
Floor no: 20th 
floor Parking: Dual Parking  
Selling Price: 9.6M  Inclusive of CGT 3% brokers fee  

Near:  Tomas Morato St. Lukes Hospital Schools Kamuning Market

#VieraResidences  
#QuezonCityCondo  
#TwoBedroomCondo  
#CondoForSale  
#ObreroQuezonCity  
#QuezonCityLiving  
#PrimeLocation  
#QuezonCityRealEstate  
#TwoBedroomForSale  
#VieraQuezonCity  
#CityLivingPH  
#AffordableCondo  
#MetroManilaRealEstate  
#QuezonCityProperty  
#InvestmentProperty  
#ModernLiving  
#ReadyForOccupancy  
#AffordableLuxury  
#QuezonCityLife  
#IdealInvestment  
#UrbanLiving  
#QCRealEstate  
#PrimeQuezonCity  
#MetroManilaCondo  
#QuezonCitySale  
#BigCutCondo  
#QuezonCityPrimeLocation  
#RealEstatePH  
#MetroLiving  
#VieraResidencesQuezonCity  
#MoveInReady  
#LuxuryCondoPH  
#TwoBedroomUnit  
#MakatiRealEstate  
#ReadyToMoveIn  
#AffordableLivingPH  
#QCHomes  
#QuezonCityLifestyle  
#QuezonCityInvestment  
#CityscapeLiving  
#QuezonCityLuxury  
#MetroManilaProperty  
#PrimeInvestmentPH  
#UrbanOasis  
#VieraCondoForSale  
#AffordableHome  
#QCAffordableLuxury  
#LuxuryLivingPH  
#TwoBedroomPH  
#MetroLifePH  
#InvestmentInQC  
#QuezonCityResidences  
#PrimeQuezonCityProperty  
#AffordableLuxuryQC  
#QuezonCityHomeForSale  
#CityLifestylePH  
#VieraCondoUnit  
#QCPrime  
#PerfectInvestment  
#ObreroLiving  
#PrimePropertyQC  
#AffordableLivingQuezonCity  
#ReadyForMoveIn  
#IdealLocation  
#QuezonCityApartment  
#MetroManilaHomes  
#ObreroQC  
#LuxuryPropertyPH  
#QCLiving  
#ObreroResidences  
#BigUnitForSale  
#ManilaRealEstate  
#CityLifeQuezonCity  
#UrbanLifestyleQC  
#QuezonCityHome  
#AffordableRealEstatePH  
#PerfectLocation  
#TwoBedroomQuezonCity  
#UrbanRetreatPH  
#PrimeCondoPH  
#BestInvestmentPH  
#RealEstateInvestment  
#QCCityLiving  
#QuezonCityCondoLife  
#ObreroTwoBedroom  
#MetroLivingQC  
#QuezonCityPrime  
#QuezonCityPropertyForSale  
#LuxuryRealEstate  
#MetroManilaLiving  
#QuezonCityResidential  
#BigUnitPH  
#VieraResidencesQC  
#CondoNearTomasMorato  
#MoveToQuezonCity  
#QCHighRiseLiving  
#ReadyForOccupancyQC  
#InvestInQuezonCity  
#AffordableLuxuryLiving  
#RealtyQuezonCity  
#MetroQuezonCity  
#LuxuryCondoQuezonCity",2,1,"condo, condotel",N/A,N/A,N/A,https://www.lamudi.com.phhttps://www.lamudi.com.ph/buy/metro-manila/quezon-city/2-bedroom-condo-unit-for-sale-at-viera-residences-173125864856/,CD6730E918F3732PH,"[121.0443089,14.6621443]",N/A,N/A,N/A
"Nice 3-BR Unit w/ Parking at Olympic Heights, Eastwood City Quezon City For Sale",10800000,"Eastwood City, Quezon City","NICE 3BR W/ PARKING @ OLYMPIC HEIGHTS EASTWOOD CITY FOR SALE

7th Floor
3 BR and 2 Bathroom
77 sqm
Furnished
w/ Parking

Nearby Establishments

Restaurants
Hokkaido Ramen Santouka
House of Wagyu Store Grill
Uncle Cheffy
Chucks Deli
Kettle

Supermarket
Eastwood Mall
Robinsons Supermarket
Eastwood City Walk 1 and 2
Cyber And Fashion Mall

Schools
Santo Tomas De Villanueva High School
Santolan Elem. School
Bagumbayan Elem. School
Santolan High School
Libis Elem. School

Hospitals
IVC Health Center
Brgy. IVC Health Center
St. Camillus Polyclinic
Quirino Memorial Medical Center
Camp General Emilio Aguinaldo Station Hospital",3,2,"condo, other-4",N/A,77,N/A,https://www.lamudi.com.phhttps://www.lamudi.com.ph/buy/metro-manila/quezon-city/nice-3-br-unit-w-parking-at-olympic-heights-eastwo-170730504613/,CD65C2F0E55CB94PH,"[121.0443089,14.6621443]",N/A,N/A,N/A
